Current Exploration,Episode Length,frame_number,q_val action 0,q_val action 1,q_val action 10,q_val action 11,q_val action 12,q_val action 13,q_val action 14,q_val action 15,q_val action 16,q_val action 17,q_val action 2,q_val action 3,q_val action 4,q_val action 5,q_val action 6,q_val action 7,q_val action 8,q_val action 9,td loss,training_reward
0.956062,679.19,98820,0.07918933,0.07682395,0.07665452,0.085016385,0.07631748,0.07582481,0.078656,0.075692005,0.08120936,0.07657764,0.07381708,0.07742951,0.07809289,0.08456344,0.07488787,0.08149358,0.080068946,0.077473134,4.9474238e-05,1.0
0.8638785999999999,559.57,201246,0.085603595,0.09132223,0.089347474,0.08945845,0.08796152,0.08580552,0.08571905,0.077387065,0.085745044,0.08280124,0.08544173,0.08586638,0.08395219,0.08744632,0.1013743,0.086768515,0.08766623,0.09177699,0.000413574,0.0
0.7767171999999999,562.04,298092,0.081453554,0.07938826,0.082557,0.080834046,0.07921584,0.08145733,0.07826816,0.08073419,0.07953951,0.08105479,0.08209652,0.07784822,0.07828829,0.077921115,0.07878492,0.079285145,0.08114822,0.08217131,0.0016357696,0.0
0.6831639999999999,602.09,402040,0.041192986,0.043326735,0.042620435,0.043773584,0.04193068,0.042610195,0.04267987,0.040520713,0.042692646,0.04475657,0.04290042,0.04488206,0.044937458,0.043815672,0.041846376,0.04400824,0.046632238,0.043817706,0.002512473,1.0
