Current Exploration,Episode Length,TD Loss,frame_number,q_val action 0,q_val action 1,q_val action 10,q_val action 11,q_val action 12,q_val action 13,q_val action 14,q_val action 15,q_val action 16,q_val action 17,q_val action 2,q_val action 3,q_val action 4,q_val action 5,q_val action 6,q_val action 7,q_val action 8,q_val action 9,training_reward
0.9588745,627.54,0.00045337382,95695,-0.33008343,-0.32983318,-0.33790886,-0.3268485,-0.33424768,-0.34147966,-0.33337662,-0.34179047,-0.341982,-0.33838415,-0.33682555,-0.33520672,-0.31551304,-0.32801607,-0.3475327,-0.33104464,-0.33002236,-0.32178956,0.0
0.8676909999999999,581.77,0.0002819673,197010,-0.231531,-0.22639696,-0.225518,-0.21751735,-0.21563318,-0.23336889,-0.2261616,-0.21182406,-0.23674479,-0.21493843,-0.22019,-0.22841537,-0.21615256,-0.22802705,-0.22618678,-0.22750658,-0.23503304,-0.2263043,0.0
0.7756704999999999,327.1,0.0002940688,299255,-0.017551705,-0.009845197,-0.015730165,-0.018757321,0.0027673375,-0.020199437,-0.012792334,-0.0048321364,-0.012123817,-0.00088692456,-0.013363222,-0.02153869,-0.0026055593,-0.008722265,-0.01048808,-0.002507036,-0.010464137,-0.0056916038,0.0
0.6836608,506.28,0.0001421102,401488,0.09933817,0.09865664,0.09621936,0.09944121,0.103103116,0.09946438,0.10176469,0.09395221,0.094069116,0.09284769,0.09381853,0.0915674,0.097653076,0.101300545,0.093689054,0.10376701,0.09497658,0.0927794,0.0
